{
  "basic_analysis": {
    "describe": {
      "valence": {
        "count": 170653.0,
        "unique": NaN,
        "top": NaN,
        "freq": NaN,
        "mean": 0.5285872111424939,
        "std": 0.2631714639897201,
        "min": 0.0,
        "25%": 0.317,
        "50%": 0.54,
        "75%": 0.747,
        "max": 1.0
      },
      "year": {
        "count": 170653.0,
        "unique": NaN,
        "top": NaN,
        "freq": NaN,
        "mean": 1976.7872407751402,
        "std": 25.917852564557965,
        "min": 1921.0,
        "25%": 1956.0,
        "50%": 1977.0,
        "75%": 1999.0,
        "max": 2020.0
      },
      "acousticness": {
        "count": 170653.0,
        "unique": NaN,
        "top": NaN,
        "freq": NaN,
        "mean": 0.502114763706703,
        "std": 0.37603172516204353,
        "min": 0.0,
        "25%": 0.102,
        "50%": 0.516,
        "75%": 0.893,
        "max": 0.996
      },
      "artists": {
        "count": 170653,
        "unique": 34088,
        "top": "['\u042d\u0440\u043d\u0435\u0441\u0442 \u0425\u0435\u043c\u0438\u043d\u0433\u0443\u044d\u0439']",
        "freq": 1211,
        "mean": NaN,
        "std": NaN,
        "min": NaN,
        "25%": NaN,
        "50%": NaN,
        "75%": NaN,
        "max": NaN
      },
      "danceability": {
        "count": 170653.0,
        "unique": NaN,
        "top": NaN,
        "freq": NaN,
        "mean": 0.5373955347986851,
        "std": 0.17613773562606577,
        "min": 0.0,
        "25%": 0.415,
        "50%": 0.5479999999999999,
        "75%": 0.6679999999999999,
        "max": 0.988
      },
      "duration_ms": {
        "count": 170653.0,
        "unique": NaN,
        "top": NaN,
        "freq": NaN,
        "mean": 230948.3106655025,
        "std": 126118.41466807322,
        "min": 5108.0,
        "25%": 169827.0,
        "50%": 207467.0,
        "75%": 262400.0,
        "max": 5403500.0
      },
      "energy": {
        "count": 170653.0,
        "unique": NaN,
        "top": NaN,
        "freq": NaN,
        "mean": 0.48238883511277275,
        "std": 0.2676457045730614,
        "min": 0.0,
        "25%": 0.255,
        "50%": 0.471,
        "75%": 0.703,
        "max": 1.0
      },
      "explicit": {
        "count": 170653.0,
        "unique": NaN,
        "top": NaN,
        "freq": NaN,
        "mean": 0.08457513199299163,
        "std": 0.2782492277184763,
        "min": 0.0,
        "25%": 0.0,
        "50%": 0.0,
        "75%": 0.0,
        "max": 1.0
      },
      "id": {
        "count": 170653,
        "unique": 170653,
        "top": "4BJqT0PrAfrxzMOxytFOIz",
        "freq": 1,
        "mean": NaN,
        "std": NaN,
        "min": NaN,
        "25%": NaN,
        "50%": NaN,
        "75%": NaN,
        "max": NaN
      },
      "instrumentalness": {
        "count": 170653.0,
        "unique": NaN,
        "top": NaN,
        "freq": NaN,
        "mean": 0.16700958082940237,
        "std": 0.3134746738769889,
        "min": 0.0,
        "25%": 0.0,
        "50%": 0.000216,
        "75%": 0.102,
        "max": 1.0
      },
      "key": {
        "count": 170653.0,
        "unique": NaN,
        "top": NaN,
        "freq": NaN,
        "mean": 5.199844128143074,
        "std": 3.515093906137163,
        "min": 0.0,
        "25%": 2.0,
        "50%": 5.0,
        "75%": 8.0,
        "max": 11.0
      },
      "liveness": {
        "count": 170653.0,
        "unique": NaN,
        "top": NaN,
        "freq": NaN,
        "mean": 0.20583865545873795,
        "std": 0.17480466125905442,
        "min": 0.0,
        "25%": 0.0988,
        "50%": 0.136,
        "75%": 0.261,
        "max": 1.0
      },
      "loudness": {
        "count": 170653.0,
        "unique": NaN,
        "top": NaN,
        "freq": NaN,
        "mean": -11.467990038264784,
        "std": 5.697942912369133,
        "min": -60.0,
        "25%": -14.615,
        "50%": -10.58,
        "75%": -7.183,
        "max": 3.855
      },
      "mode": {
        "count": 170653.0,
        "unique": NaN,
        "top": NaN,
        "freq": NaN,
        "mean": 0.7069023105365859,
        "std": 0.45518419130201376,
        "min": 0.0,
        "25%": 0.0,
        "50%": 1.0,
        "75%": 1.0,
        "max": 1.0
      },
      "name": {
        "count": 170653,
        "unique": 133638,
        "top": "White Christmas",
        "freq": 73,
        "mean": NaN,
        "std": NaN,
        "min": NaN,
        "25%": NaN,
        "50%": NaN,
        "75%": NaN,
        "max": NaN
      },
      "popularity": {
        "count": 170653.0,
        "unique": NaN,
        "top": NaN,
        "freq": NaN,
        "mean": 31.431794342906365,
        "std": 21.826615139281415,
        "min": 0.0,
        "25%": 11.0,
        "50%": 33.0,
        "75%": 48.0,
        "max": 100.0
      },
      "release_date": {
        "count": 170653,
        "unique": 11244,
        "top": "1945",
        "freq": 1446,
        "mean": NaN,
        "std": NaN,
        "min": NaN,
        "25%": NaN,
        "50%": NaN,
        "75%": NaN,
        "max": NaN
      },
      "speechiness": {
        "count": 170653.0,
        "unique": NaN,
        "top": NaN,
        "freq": NaN,
        "mean": 0.09839326235108668,
        "std": 0.16274007247138322,
        "min": 0.0,
        "25%": 0.0349,
        "50%": 0.045,
        "75%": 0.0756,
        "max": 0.97
      },
      "tempo": {
        "count": 170653.0,
        "unique": NaN,
        "top": NaN,
        "freq": NaN,
        "mean": 116.86158961752797,
        "std": 30.708533040433153,
        "min": 0.0,
        "25%": 93.421,
        "50%": 114.729,
        "75%": 135.537,
        "max": 243.507
      },
      "release_date_parsed": {
        "count": 50855,
        "unique": 97,
        "top": "1945-01-01",
        "freq": 1446,
        "mean": NaN,
        "std": NaN,
        "min": NaN,
        "25%": NaN,
        "50%": NaN,
        "75%": NaN,
        "max": NaN
      }
    },
    "missing": {
      "valence": 0,
      "year": 0,
      "acousticness": 0,
      "artists": 0,
      "danceability": 0,
      "duration_ms": 0,
      "energy": 0,
      "explicit": 0,
      "id": 0,
      "instrumentalness": 0,
      "key": 0,
      "liveness": 0,
      "loudness": 0,
      "mode": 0,
      "name": 0,
      "popularity": 0,
      "release_date": 0,
      "speechiness": 0,
      "tempo": 0,
      "release_date_parsed": 119798
    },
    "dtypes": {
      "valence": "float64",
      "year": "int64",
      "acousticness": "float64",
      "artists": "str",
      "danceability": "float64",
      "duration_ms": "int64",
      "energy": "float64",
      "explicit": "int64",
      "id": "str",
      "instrumentalness": "float64",
      "key": "float64",
      "liveness": "float64",
      "loudness": "float64",
      "mode": "float64",
      "name": "str",
      "popularity": "int64",
      "release_date": "str",
      "speechiness": "float64",
      "tempo": "float64",
      "release_date_parsed": "str"
    }
  },
  "candidate_numeric_features": [
    "danceability",
    "energy",
    "key",
    "loudness",
    "mode",
    "speechiness",
    "acousticness",
    "instrumentalness",
    "liveness",
    "valence",
    "tempo",
    "duration_ms"
  ],
  "correlation_matrix": {
    "danceability": {
      "danceability": 1.0,
      "energy": 0.22196693929945976,
      "key": 0.0244385845482182,
      "loudness": 0.28505666167332644,
      "mode": 0.045955923744562546,
      "speechiness": 0.23549141249736258,
      "acousticness": 0.26685210389929515,
      "instrumentalness": 0.2780634962103798,
      "liveness": 0.1001929907426095,
      "valence": 0.5589464770684084,
      "tempo": 0.0018006018582396443,
      "duration_ms": 0.1399372528852319
    },
    "energy": {
      "danceability": 0.22196693929945976,
      "energy": 1.0,
      "key": 0.027704936187757663,
      "loudness": 0.7823619574329959,
      "mode": 0.03925988897746163,